1,JDK,2019-12-01,11:50
2,Nuclear,2020-06-02,13:48
3,Experimentation,2020-09-24,0:47
4,BMP,2020-05-04,6:43
5,XSL,2020-08-04,3:23
6,XLSTAT,2020-10-01,1:58
7,DDI,2020-01-13,8:49
8,ATP,2020-07-18,15:02
9,DLNA,2020-06-08,7:05
10,PFEP,2020-06-09,2:17
11,Kickboxing,2020-02-22,14:59
12,WFC,2020-07-25,22:49
13,VMS,2020-01-12,14:12
14,CDMA2000,2020-06-15,15:10
15,SAP SD Module,2020-06-19,4:38
16,GxP,2020-10-02,18:35
17,Apollo GDS,2020-10-05,16:48
18,RTI,2019-12-07,16:16
19,German,2020-03-10,13:06
20,Navigation,2020-06-12,1:28
21,Software Quality Assurance,2020-11-01,7:41
22,QuarkXPress,2020-01-19,10:17
23,JavaScript,2019-12-07,3:14
24,RTC,2019-12-05,6:03
25,OTL,2020-04-09,22:04
26,SV,2019-12-09,20:34
27,World War II,2020-03-30,15:27
28,MLP,2020-11-02,16:09
29,Guerrilla Marketing,2020-06-06,9:43
30,JFace,2020-10-24,10:39
31,HSR,2020-04-24,20:23
32,Ntop,2020-07-16,8:32
33,RMP,2020-02-09,5:53
34,Performance Improvement,2020-07-20,5:35
35,HD Camera Operation,2020-04-21,18:33
36,Snooker,2020-07-13,6:15
37,Pre-owned,2020-07-09,16:05
38,Working Capital Management,2020-06-21,14:21
39,Google Analytics,2020-05-05,3:01
40,KNX,2020-10-07,20:15
41,NRC,2020-03-03,20:56
42,CDMA 1X,2020-10-24,0:23
43,Youth Empowerment,2020-06-20,17:11
44,Consumer Behaviour,2020-11-14,20:47
45,GPIB,2020-01-24,19:56
46,CDO,2020-09-10,23:44
47,FBD,2020-02-09,17:25
48,Healthcare Industry,2020-09-18,11:41
49,Financial Audits,2020-04-11,13:42
50,DMEDI,2020-01-28,1:05
51,FGD,2020-03-13,2:54
52,Logistics Management,2020-07-19,8:17
53,Awareness Raising,2020-08-24,21:20
54,TNS,2020-02-23,19:42
55,GMF,2020-06-15,23:32
56,ADP Payroll,2020-07-21,5:22
57,NTP,2019-12-04,6:17
58,Avaya AES,2020-01-04,8:25
59,Citrix XenApp,2020-08-24,4:15
60,WebLogic,2019-12-15,19:42
61,McAfee,2019-12-20,3:21
62,xPression,2020-02-02,19:54
63,Customer Service,2020-03-08,13:34
64,VST,2020-03-20,9:43
65,VTune,2020-11-10,14:37
66,ODM management,2020-05-31,5:51
67,Russian,2020-03-22,17:56
68,Process Automation,2020-07-11,14:57
69,Emergency Room,2019-11-21,9:32
70,Outlook,2019-12-22,17:43
71,Invoicing,2019-11-21,22:21
72,Mycobacteriology,2020-10-28,14:30
73,Self-esteem,2020-08-19,14:24
74,Particle Effects,2020-01-11,8:28
75,Business Journalism,2020-10-03,16:28
76,Medical Affairs,2020-09-09,10:46
77,HBOC,2020-09-14,21:47
78,Microsoft Certified Professional,2020-05-15,2:49
79,DVB-S2,2020-07-14,4:23
80,GPP,2020-08-24,4:22
81,SOA BPEL,2020-05-30,12:39
82,Urbanism,2020-11-09,23:05
83,Igneous Petrology,2020-05-25,1:46
84,RF Design,2020-05-14,21:59
85,Ruby on Rails,2020-09-20,9:49
86,ION Marketview,2020-09-20,7:50
87,ITIL v3 Foundations Certified,2020-03-31,9:42
88,National Security,2020-07-14,15:17
89,Policy Writing,2020-07-05,23:46
90,Comic Book Illustration,2019-12-07,3:48
91,Microsoft Dynamics GP,2020-11-13,4:09
92,DVD,2020-01-13,22:02
93,MRP,2020-07-30,13:04
94,PVST+,2019-11-26,0:12
95,Governance,2020-10-17,10:08
96,TGA,2020-10-23,23:34
97,VMI Programs,2020-06-26,9:40
98,Media TV,2019-11-26,20:05
99,MTA,2020-04-06,5:54
100,FMCG,2020-05-25,14:21
